name,category,district,address,phone,price,rating,reviews,tags,featured,desc,wechat,website,years
#【字段说明】name=商家名称 category=类别(见下方可选值) district=所在区 address=详细地址 phone=电话 price=参考价格 rating=评分(1-5) reviews=评价数 tags=标签(逗号分隔最多5个) featured=是否精选(是/否) desc=商家简介 wechat=微信号(选填) website=官网(选填) years=营业年限(选填)
#【category可选值】婚庆摄影 / 婚礼化妆 / 婚礼场地 / 婚庆策划 / 婚礼主持 / 婚纱礼服 / 婚礼花艺
#【district可选值】武昌区 / 汉口区 / 汉阳区 / 青山区 / 洪山区 / 江夏区 / 硚口区 / 江汉区 / 江岸区
#【示例数据-填写完后删除此行】
武汉天地人婚纱摄影,婚庆摄影,江汉区,武汉市江汉区建设大道111号,13812345678,¥4999起,4.9,312,"26000平美学馆,专业团队,风格多样",是,拥有26000平全新美学馆，专业婚纱摄影机构，一对一服务，多种风格任你选择。,,tdrhunsha.com,10年以上
视尚影像婚纱摄影,婚庆摄影,洪山区,武汉市洪山区街道口广场A栋2楼,13987654321,¥3599起,4.7,175,"一对一服务,旅拍,底片全送",否,专注一对一婚纱摄影，一天只拍一对，旅拍服务覆盖武汉周边，底片全送无隐形消费。,,,5-10年
#---以下是空白行，请从第2行开始填写真实商家数据（删除#开头的注释行）---
,,,,,,,,,,,,
,,,,,,,,,,,,
,,,,,,,,,,,,
,,,,,,,,,,,,
,,,,,,,,,,,,
,,,,,,,,,,,,
,,,,,,,,,,,,
,,,,,,,,,,,,
,,,,,,,,,,,,
,,,,,,,,,,,,
